<?xml version="1.0" encoding="UTF-8"?>
<project-private xmlns="http://www.netbeans.org/ns/project-private/1">
    <editor-bookmarks xmlns="http://www.netbeans.org/ns/editor-bookmarks/2" lastBookmarkId="0"/>
    <open-files xmlns="http://www.netbeans.org/ns/projectui-open-files/2">
        <group>
            <file>file:/C:/dev/g213/BelovedPhoto/init.php</file>
            <file>file:/C:/dev/g213/BelovedPhoto/Lib/Authentication.php</file>
            <file>file:/C:/dev/g213/BelovedPhoto/tmp/index.php</file>
            <file>file:/C:/dev/g213/BelovedPhoto/Lib/Templater.php</file>
            <file>file:/C:/dev/g213/BelovedPhoto/Templates/autorize.tpl</file>
            <file>file:/C:/dev/g213/BelovedPhoto/Lib/InstagramApi.php</file>
            <file>file:/C:/dev/g213/BelovedPhoto/Lib/ErrorProvider.php</file>
            <file>file:/C:/dev/g213/BelovedPhoto/index.php</file>
            <file>file:/C:/dev/g213/BelovedPhoto/Lib/Dextep.php</file>
        </group>
    </open-files>
</project-private>
